,Nagyság (nm),Város központtól (m),Tömegközlekedéstől (m),Szobák száma,Férőhely,Ár egy éjszakára (euro),Ár/fő
0,37,14600,120,1.0,4.0,66.0,16.0
1,225,1100,120,8.0,8.0,243.0,30.0
2,171,8100,80,4.0,7.0,186.0,27.0
3,35,6600,300,1.0,3.0,75.0,25.0
4,56,10700,280,1.0,4.0,84.0,21.0
5,120,12000,360,5.0,6.0,114.0,19.0
6,235,13500,240,7.0,9.0,171.0,19.0
7,39,4500,220,1.0,3.0,90.0,30.0
8,77,1900,80,3.0,6.0,153.0,26.0
9,37,10900,300,1.0,3.0,63.0,21.0
10,207,8700,90,7.0,9.0,204.0,23.0
11,174,10800,110,6.0,9.0,168.0,19.0
12,144,11700,180,5.0,8.0,156.0,20.0
13,158,7900,80,6.0,6.0,183.0,30.0
14,177,12400,370,4.0,9.0,132.0,15.0
15,243,14000,190,8.0,10.0,183.0,18.0
16,162,3300,320,6.0,7.0,180.0,26.0
17,236,11700,340,6.0,8.0,162.0,20.0
18,41,2700,150,1.0,3.0,117.0,39.0
19,108,9100,180,3.0,7.0,132.0,19.0
20,131,4300,170,3.0,6.0,183.0,30.0
21,42,14600,160,1.0,4.0,72.0,18.0
22,28,10900,120,1.0,4.0,72.0,18.0
23,168,3700,100,6.0,6.0,195.0,32.0
24,146,10900,300,5.0,6.0,141.0,24.0
25,39,9400,230,1.0,3.0,75.0,25.0
26,248,3000,400,7.0,8.0,210.0,26.0
27,59,11200,130,1.0,6.0,105.0,18.0
28,48,10100,350,1.0,3.0,69.0,23.0
29,111,10000,380,5.0,6.0,105.0,18.0
30,124,1900,400,3.0,7.0,153.0,22.0
31,164,3800,210,6.0,6.0,186.0,31.0
32,158,8900,150,5.0,7.0,165.0,24.0
33,163,5400,200,4.0,6.0,180.0,30.0
34,241,12200,280,8.0,9.0,174.0,19.0
35,80,400,280,4.0,5.0,150.0,30.0
36,63,7400,210,4.0,6.0,111.0,18.0
37,75,4000,250,3.0,6.0,123.0,20.0
38,217,1900,130,7.0,7.0,228.0,33.0
39,244,1200,200,6.0,10.0,228.0,23.0
40,181,14300,110,6.0,7.0,162.0,23.0
41,67,1500,130,4.0,4.0,156.0,39.0
42,195,14800,110,5.0,8.0,174.0,22.0
43,195,2000,290,6.0,9.0,213.0,24.0
44,199,3300,340,6.0,7.0,198.0,28.0
45,165,6100,70,5.0,7.0,201.0,29.0
46,107,12300,120,3.0,6.0,135.0,22.0
47,181,2300,400,7.0,8.0,183.0,23.0
48,174,11700,250,6.0,8.0,156.0,20.0
49,182,1300,250,7.0,8.0,216.0,27.0
50,185,6500,210,7.0,7.0,177.0,25.0
51,108,10100,210,3.0,7.0,129.0,18.0
52,133,12200,350,5.0,6.0,117.0,20.0
53,164,10700,140,5.0,8.0,168.0,21.0
54,99,6000,220,3.0,7.0,135.0,19.0
55,200,500,230,7.0,9.0,234.0,26.0
56,173,10800,280,6.0,9.0,153.0,17.0
57,37,4400,180,1.0,3.0,96.0,32.0
58,60,9700,240,3.0,6.0,93.0,16.0
59,200,8900,230,7.0,8.0,186.0,23.0
60,47,1400,320,1.0,5.0,108.0,22.0
61,191,9900,330,6.0,7.0,168.0,24.0
62,195,10300,100,7.0,8.0,189.0,24.0
63,147,4400,380,5.0,6.0,144.0,24.0
64,192,1900,190,7.0,9.0,222.0,25.0
65,152,6400,230,5.0,7.0,162.0,23.0
66,135,5200,350,3.0,8.0,141.0,18.0
67,138,7200,90,4.0,8.0,168.0,21.0
68,225,5800,250,6.0,10.0,201.0,20.0
69,73,9600,300,2.0,4.0,99.0,25.0
70,247,13000,300,7.0,8.0,177.0,22.0
71,73,14000,220,3.0,5.0,96.0,19.0
72,86,5000,320,4.0,7.0,120.0,17.0
73,235,10200,190,8.0,9.0,198.0,22.0
74,33,8700,320,1.0,4.0,57.0,14.0
75,86,7700,280,2.0,7.0,114.0,16.0
76,74,4700,270,2.0,4.0,117.0,29.0
77,87,6800,100,2.0,5.0,141.0,28.0
78,94,10600,230,3.0,6.0,114.0,19.0
79,185,12500,230,7.0,8.0,162.0,20.0
80,234,10700,250,8.0,8.0,186.0,23.0
81,64,11900,250,2.0,5.0,84.0,17.0
82,57,1800,280,1.0,4.0,129.0,32.0
83,187,7000,60,5.0,8.0,198.0,25.0
84,228,4000,370,8.0,10.0,198.0,20.0
85,157,8700,120,6.0,8.0,165.0,21.0
86,89,9200,70,3.0,7.0,129.0,18.0
87,84,9300,240,4.0,5.0,111.0,22.0
88,202,2800,260,6.0,7.0,213.0,30.0
89,146,12600,220,6.0,6.0,141.0,24.0
90,113,2000,140,5.0,5.0,180.0,36.0
91,102,8700,370,5.0,7.0,108.0,15.0
92,227,4500,230,6.0,9.0,204.0,23.0
93,94,6600,50,2.0,7.0,150.0,21.0
94,242,2500,340,8.0,8.0,207.0,26.0
95,82,8200,280,4.0,7.0,114.0,16.0
96,83,4200,90,4.0,5.0,150.0,30.0
97,152,700,280,4.0,6.0,204.0,34.0
98,166,14900,330,4.0,7.0,135.0,19.0
99,102,5300,230,4.0,6.0,141.0,24.0
100,177,1500,380,5.0,7.0,195.0,28.0
101,174,6300,290,4.0,7.0,171.0,24.0
102,133,900,110,5.0,7.0,198.0,28.0
103,233,2100,120,8.0,9.0,228.0,25.0
104,145,12700,310,6.0,6.0,135.0,22.0
105,148,6500,220,6.0,8.0,159.0,20.0
106,218,11600,360,5.0,7.0,168.0,24.0
107,98,13900,80,2.0,6.0,123.0,20.0
108,79,9200,100,4.0,5.0,120.0,24.0
109,122,800,300,5.0,8.0,174.0,22.0
110,235,12100,340,7.0,10.0,162.0,16.0
111,209,6500,320,7.0,8.0,189.0,24.0
112,237,3100,110,7.0,10.0,231.0,23.0
113,169,3800,330,5.0,8.0,177.0,22.0
114,156,2100,250,4.0,7.0,183.0,26.0
115,58,6100,120,1.0,4.0,120.0,30.0
116,169,600,350,4.0,6.0,201.0,34.0
117,223,4200,320,7.0,9.0,192.0,21.0
118,33,8900,300,1.0,4.0,60.0,15.0
119,80,13100,260,4.0,5.0,90.0,18.0
120,145,3300,230,4.0,7.0,165.0,24.0
121,47,5300,220,1.0,3.0,96.0,32.0
122,163,10200,350,6.0,6.0,147.0,24.0
123,74,1100,270,2.0,5.0,144.0,29.0
124,142,8300,290,4.0,6.0,144.0,24.0
125,78,9100,90,3.0,5.0,129.0,26.0
126,215,8600,90,7.0,8.0,201.0,25.0
127,119,5800,130,3.0,6.0,156.0,26.0
128,73,700,280,4.0,4.0,156.0,39.0
129,133,1600,210,3.0,7.0,168.0,24.0
130,52,10100,110,1.0,6.0,99.0,16.0
131,95,5000,270,2.0,7.0,126.0,18.0
132,137,4300,380,4.0,7.0,150.0,21.0
133,87,14200,220,3.0,5.0,99.0,20.0
134,75,600,190,4.0,6.0,150.0,25.0
135,84,14100,180,2.0,5.0,105.0,21.0
136,121,4600,140,3.0,6.0,171.0,28.0
137,237,8900,240,6.0,8.0,198.0,25.0
138,133,7500,220,3.0,6.0,150.0,25.0
139,100,4300,180,3.0,5.0,147.0,29.0
140,212,12300,370,5.0,7.0,156.0,22.0
141,234,8700,280,7.0,8.0,186.0,23.0
142,159,13300,280,4.0,8.0,138.0,17.0
143,190,4900,310,5.0,8.0,171.0,21.0
144,238,9900,130,7.0,8.0,204.0,26.0
145,214,9300,270,5.0,9.0,174.0,19.0
146,119,8000,80,5.0,5.0,159.0,32.0
147,140,6300,110,5.0,8.0,168.0,21.0
148,220,8300,320,7.0,9.0,189.0,21.0
149,215,2400,390,5.0,8.0,204.0,26.0
150,109,11400,340,3.0,7.0,108.0,15.0
151,37,8200,350,1.0,5.0,60.0,12.0
152,178,14900,80,5.0,9.0,165.0,18.0
153,210,6900,320,6.0,9.0,189.0,21.0
154,92,10500,120,4.0,6.0,126.0,21.0
155,47,11200,210,1.0,3.0,78.0,26.0
156,112,1400,340,5.0,7.0,153.0,22.0
157,227,11800,290,8.0,10.0,174.0,17.0
158,118,4200,130,3.0,5.0,168.0,34.0
159,86,13300,320,2.0,5.0,87.0,17.0
160,237,9600,180,7.0,10.0,201.0,20.0
161,65,14800,60,4.0,5.0,102.0,20.0
162,210,8400,400,5.0,8.0,180.0,22.0
163,226,1900,110,8.0,8.0,231.0,29.0
164,66,7500,320,4.0,4.0,93.0,23.0
165,106,7300,240,3.0,5.0,138.0,28.0
166,247,13900,90,6.0,10.0,192.0,19.0
167,144,5700,310,6.0,8.0,156.0,20.0
168,202,10400,270,5.0,8.0,165.0,21.0
169,208,14800,140,6.0,9.0,174.0,19.0
170,49,2800,70,1.0,4.0,135.0,34.0
171,242,2600,230,8.0,8.0,225.0,28.0
172,107,14300,220,5.0,7.0,117.0,17.0
173,149,3300,110,4.0,7.0,192.0,27.0
174,113,1200,260,5.0,5.0,171.0,34.0
175,159,3500,160,6.0,6.0,186.0,31.0
176,155,6800,90,5.0,7.0,174.0,25.0
177,78,12900,340,2.0,5.0,84.0,17.0
178,219,12400,80,6.0,7.0,186.0,27.0
179,117,1000,290,4.0,7.0,180.0,26.0
180,135,10500,60,5.0,6.0,165.0,28.0
181,161,8500,70,4.0,7.0,183.0,26.0
182,119,10500,70,3.0,5.0,147.0,29.0
183,121,4700,220,5.0,8.0,168.0,21.0
184,58,9000,280,1.0,6.0,84.0,14.0
185,108,7400,200,5.0,7.0,150.0,21.0
186,248,8200,220,8.0,9.0,195.0,22.0
187,64,11900,50,4.0,6.0,102.0,17.0
188,94,12700,140,3.0,7.0,120.0,17.0
189,47,1300,320,1.0,3.0,108.0,36.0
190,245,9900,140,6.0,9.0,201.0,22.0
191,107,13400,110,4.0,7.0,126.0,18.0
192,31,14100,230,1.0,3.0,54.0,18.0
193,87,14500,310,4.0,7.0,90.0,13.0
194,96,10200,370,2.0,7.0,102.0,15.0
195,182,5700,280,6.0,7.0,183.0,26.0
196,245,13500,180,8.0,9.0,192.0,21.0
197,120,13700,80,3.0,5.0,135.0,27.0
198,99,9800,160,2.0,5.0,126.0,25.0
199,215,14700,90,7.0,9.0,186.0,21.0
200,102,500,240,3.0,5.0,165.0,33.0
201,59,3700,170,1.0,5.0,123.0,25.0
202,36,10800,120,1.0,3.0,81.0,27.0
203,221,14100,300,6.0,9.0,159.0,18.0
204,125,10200,250,3.0,7.0,129.0,18.0
205,143,11200,240,5.0,7.0,135.0,19.0
206,181,13400,300,6.0,7.0,156.0,22.0
207,141,13700,320,5.0,7.0,123.0,18.0
208,74,14300,300,4.0,5.0,84.0,17.0
209,43,8700,180,1.0,3.0,87.0,29.0
210,229,800,180,8.0,10.0,237.0,24.0
211,216,4100,200,6.0,7.0,210.0,30.0
212,148,11000,330,6.0,6.0,129.0,22.0
213,102,4300,230,4.0,6.0,138.0,23.0
214,51,7900,100,1.0,5.0,105.0,21.0
215,167,3200,100,4.0,7.0,204.0,29.0
216,66,9500,200,3.0,5.0,105.0,21.0
217,180,3500,380,5.0,8.0,171.0,21.0
218,54,7200,340,1.0,4.0,84.0,21.0
219,38,9000,90,1.0,5.0,93.0,19.0
220,113,6200,350,4.0,5.0,126.0,25.0
221,58,3200,90,1.0,5.0,135.0,27.0
222,174,11400,300,6.0,9.0,156.0,17.0
223,192,2900,190,5.0,9.0,207.0,23.0
224,246,4000,70,6.0,10.0,234.0,23.0
225,206,7400,100,7.0,8.0,198.0,25.0
226,43,8500,320,1.0,3.0,72.0,24.0
227,165,14700,380,4.0,6.0,126.0,21.0
228,47,9400,230,1.0,4.0,84.0,21.0
229,34,6000,230,1.0,4.0,78.0,20.0
230,62,3500,340,2.0,6.0,108.0,18.0
231,28,2300,200,1.0,3.0,99.0,33.0
232,247,10100,240,8.0,9.0,183.0,20.0
233,173,6900,340,6.0,7.0,159.0,23.0
234,197,12400,360,7.0,9.0,153.0,17.0
235,232,11600,260,7.0,9.0,183.0,20.0
236,229,11000,300,8.0,8.0,177.0,22.0
237,46,3500,160,1.0,5.0,117.0,23.0
238,80,13400,200,4.0,5.0,99.0,20.0
239,182,3700,270,5.0,8.0,186.0,23.0
240,241,10400,190,7.0,10.0,204.0,20.0
241,67,2600,350,3.0,6.0,108.0,18.0
242,76,700,220,3.0,6.0,144.0,24.0
243,92,8500,100,4.0,5.0,141.0,28.0
244,99,6800,130,2.0,5.0,144.0,29.0
245,173,9100,180,4.0,8.0,168.0,21.0
246,211,8000,350,6.0,8.0,177.0,22.0
247,135,8300,120,3.0,7.0,168.0,24.0
248,147,1400,160,4.0,6.0,204.0,34.0
249,174,13300,200,5.0,7.0,156.0,22.0
250,171,5800,220,6.0,9.0,183.0,20.0
251,54,13100,160,1.0,4.0,84.0,21.0
252,116,5400,220,5.0,6.0,144.0,24.0
253,96,8800,150,3.0,6.0,135.0,22.0
254,103,8300,200,4.0,5.0,123.0,25.0
255,241,13900,220,7.0,9.0,192.0,21.0
256,206,500,360,7.0,7.0,201.0,29.0
257,139,8900,60,3.0,6.0,159.0,26.0
258,201,5700,280,6.0,9.0,198.0,22.0
259,197,1900,70,6.0,7.0,237.0,34.0
260,190,6600,230,5.0,7.0,189.0,27.0
261,31,5900,80,1.0,3.0,102.0,34.0
262,242,12500,100,6.0,9.0,207.0,23.0
263,184,7000,150,7.0,7.0,183.0,26.0
264,114,2200,230,3.0,7.0,171.0,24.0
265,46,9500,280,1.0,5.0,72.0,14.0
266,219,9900,100,6.0,7.0,207.0,30.0
267,151,14900,290,6.0,6.0,126.0,21.0
268,185,8000,70,7.0,8.0,201.0,25.0
269,210,6100,360,5.0,8.0,180.0,22.0
270,56,8200,160,1.0,4.0,102.0,26.0
271,194,10900,60,5.0,7.0,183.0,26.0
272,95,14600,380,2.0,7.0,93.0,13.0
273,147,14500,360,4.0,8.0,120.0,15.0
274,229,8300,370,7.0,10.0,183.0,18.0
275,194,6700,240,5.0,7.0,189.0,27.0
276,165,3500,100,6.0,8.0,207.0,26.0
277,52,5600,220,1.0,5.0,99.0,20.0
278,180,3300,300,4.0,7.0,192.0,27.0
279,111,14400,350,4.0,5.0,99.0,20.0
280,80,10400,210,3.0,4.0,111.0,28.0
281,50,4000,170,1.0,6.0,111.0,18.0
282,59,5400,150,1.0,4.0,120.0,30.0
283,71,4200,180,3.0,5.0,129.0,26.0
284,78,400,150,2.0,4.0,162.0,40.0
285,217,2400,120,7.0,9.0,228.0,25.0
286,30,8600,250,1.0,3.0,66.0,22.0
287,187,2700,100,7.0,9.0,222.0,25.0
288,170,4500,140,6.0,8.0,198.0,25.0
289,121,13500,150,3.0,6.0,135.0,22.0
290,89,8200,360,2.0,6.0,108.0,18.0
291,192,7200,330,5.0,7.0,174.0,25.0
292,143,5800,80,5.0,8.0,177.0,22.0
293,224,10400,260,7.0,7.0,171.0,24.0
294,149,7400,50,4.0,8.0,177.0,22.0
295,123,9600,240,3.0,8.0,138.0,17.0
296,234,11300,180,8.0,8.0,198.0,25.0
297,87,8100,370,2.0,5.0,96.0,19.0
298,64,4100,370,2.0,4.0,99.0,25.0
299,66,11700,140,4.0,5.0,102.0,20.0
300,199,2800,80,5.0,8.0,216.0,27.0
301,175,6500,170,5.0,8.0,183.0,23.0
302,164,3700,290,4.0,8.0,186.0,23.0
303,92,8100,210,3.0,7.0,123.0,18.0
304,53,4800,140,1.0,6.0,120.0,20.0
305,141,9700,400,6.0,6.0,132.0,22.0
306,139,14100,230,3.0,7.0,126.0,18.0
307,203,10400,200,5.0,7.0,177.0,25.0
308,175,1400,280,5.0,8.0,207.0,26.0
309,85,7300,390,2.0,5.0,96.0,19.0
310,238,8000,360,7.0,8.0,183.0,23.0
311,154,2200,120,6.0,7.0,207.0,30.0
312,212,5100,190,7.0,9.0,198.0,22.0
313,230,8900,200,6.0,9.0,189.0,21.0
314,214,9600,390,5.0,9.0,168.0,19.0
315,206,13400,310,6.0,9.0,147.0,16.0
316,166,14800,210,4.0,6.0,150.0,25.0
317,157,500,270,4.0,6.0,201.0,34.0
318,138,5500,300,3.0,7.0,156.0,22.0
319,138,500,390,4.0,8.0,171.0,21.0
320,39,8600,210,1.0,4.0,84.0,21.0
321,248,5400,100,6.0,10.0,222.0,22.0
322,180,13200,100,5.0,9.0,168.0,19.0
323,164,13900,100,6.0,7.0,174.0,25.0
324,195,7500,290,6.0,7.0,174.0,25.0
325,127,14700,320,4.0,7.0,114.0,16.0
326,178,1900,130,5.0,7.0,213.0,30.0
327,95,5100,280,4.0,7.0,129.0,18.0
328,142,2500,360,6.0,7.0,171.0,24.0
329,149,14000,360,5.0,8.0,120.0,15.0
330,107,14200,70,4.0,5.0,126.0,25.0
331,67,2400,290,4.0,6.0,117.0,20.0
332,122,7900,320,3.0,8.0,126.0,16.0
333,196,6800,200,6.0,9.0,195.0,22.0
334,234,3500,60,6.0,9.0,231.0,26.0
335,144,11000,80,5.0,6.0,162.0,27.0
336,246,4300,250,6.0,9.0,213.0,24.0
337,67,1400,280,3.0,5.0,126.0,25.0
338,85,4900,70,3.0,7.0,144.0,21.0
339,244,8100,100,6.0,9.0,216.0,24.0
340,52,400,380,1.0,5.0,117.0,23.0
341,154,9000,390,6.0,8.0,141.0,18.0
342,194,6900,100,6.0,8.0,207.0,26.0
343,120,6400,240,5.0,6.0,147.0,24.0
344,109,4400,360,5.0,7.0,135.0,19.0
345,131,800,160,3.0,6.0,186.0,31.0
346,77,14800,190,3.0,4.0,99.0,25.0
347,77,10700,380,3.0,4.0,87.0,22.0
348,51,6400,350,1.0,4.0,84.0,21.0
349,67,11700,120,3.0,5.0,108.0,22.0
350,138,8700,140,5.0,7.0,159.0,23.0
351,104,1800,120,3.0,7.0,174.0,25.0
352,154,8600,350,4.0,7.0,141.0,20.0
353,171,1300,180,4.0,7.0,198.0,28.0
354,74,5500,100,3.0,4.0,138.0,34.0
355,221,11100,90,7.0,7.0,186.0,27.0
356,83,13200,370,4.0,6.0,84.0,14.0
357,212,6900,60,5.0,8.0,219.0,27.0
358,57,8600,340,1.0,6.0,81.0,14.0
359,35,800,300,1.0,4.0,105.0,26.0
360,107,1700,210,5.0,5.0,171.0,34.0
361,189,4800,180,7.0,8.0,189.0,24.0
362,130,11900,80,5.0,7.0,150.0,21.0
363,170,9200,300,6.0,7.0,150.0,21.0
364,75,4100,380,4.0,5.0,111.0,22.0
365,150,2400,280,6.0,8.0,186.0,23.0
366,225,13500,250,8.0,8.0,180.0,22.0
367,101,1400,390,5.0,6.0,141.0,24.0
368,237,14800,280,7.0,8.0,174.0,22.0
369,171,3100,80,5.0,8.0,207.0,26.0
370,37,2400,240,1.0,4.0,105.0,26.0
371,151,5200,260,5.0,7.0,162.0,23.0
372,87,13000,50,3.0,7.0,129.0,18.0
373,39,9900,360,1.0,5.0,57.0,11.0
374,149,6100,380,4.0,6.0,153.0,26.0
375,47,7400,330,1.0,5.0,78.0,16.0
376,72,5200,150,4.0,5.0,135.0,27.0
377,248,6500,280,6.0,9.0,210.0,23.0
378,221,600,100,8.0,9.0,237.0,26.0
379,111,14300,150,3.0,6.0,135.0,22.0
380,81,7500,260,4.0,6.0,111.0,18.0
381,123,900,280,5.0,7.0,183.0,26.0
382,41,3900,80,1.0,5.0,108.0,22.0
383,133,14800,170,5.0,8.0,141.0,18.0
384,96,10500,60,2.0,5.0,135.0,27.0
385,34,1800,240,1.0,5.0,99.0,20.0
386,189,700,150,6.0,7.0,225.0,32.0
387,57,10200,120,1.0,5.0,102.0,20.0
388,79,9600,260,4.0,6.0,105.0,18.0
389,176,1500,220,5.0,7.0,201.0,29.0
390,116,13700,100,4.0,6.0,138.0,23.0
391,176,4700,90,5.0,7.0,198.0,28.0
392,51,2800,350,1.0,4.0,102.0,26.0
393,156,10900,290,6.0,6.0,153.0,26.0
394,37,13400,190,1.0,3.0,63.0,21.0
395,220,10900,340,8.0,9.0,174.0,19.0
396,55,3800,240,1.0,4.0,117.0,29.0
397,58,4200,370,1.0,4.0,99.0,25.0
398,169,4200,330,6.0,8.0,168.0,21.0
399,44,11200,90,1.0,3.0,90.0,30.0
400,200,14600,330,7.0,8.0,147.0,18.0
401,59,14100,400,1.0,5.0,57.0,11.0
402,127,3600,70,4.0,6.0,180.0,30.0
403,160,9300,50,4.0,7.0,180.0,26.0
404,140,6600,210,6.0,8.0,153.0,19.0
405,117,11500,80,5.0,7.0,150.0,21.0
406,88,14200,260,4.0,5.0,108.0,22.0
407,120,3100,360,5.0,6.0,150.0,25.0
408,186,2800,210,6.0,7.0,192.0,27.0
409,48,8500,190,1.0,3.0,96.0,32.0
410,211,1500,300,5.0,7.0,219.0,31.0
411,49,2000,200,1.0,6.0,123.0,20.0
412,58,14100,70,1.0,6.0,90.0,15.0
413,242,10600,70,7.0,10.0,207.0,21.0
414,235,5800,250,7.0,10.0,198.0,20.0
415,39,2400,390,1.0,5.0,90.0,18.0
416,71,4900,150,2.0,4.0,138.0,34.0
417,95,13700,160,2.0,7.0,120.0,17.0
418,249,3800,370,6.0,9.0,201.0,22.0
419,159,10300,320,4.0,7.0,150.0,21.0
420,246,9100,330,7.0,10.0,189.0,19.0
421,47,11000,70,1.0,4.0,99.0,25.0
422,94,4500,390,3.0,7.0,120.0,17.0
423,221,14200,210,6.0,9.0,168.0,19.0
424,87,2200,250,2.0,6.0,141.0,24.0
425,177,13000,210,4.0,9.0,153.0,17.0
426,180,10000,250,4.0,9.0,168.0,19.0
427,187,9400,300,5.0,8.0,165.0,21.0
428,71,14500,280,2.0,4.0,81.0,20.0
429,164,11600,270,5.0,7.0,141.0,20.0
430,49,3300,160,1.0,4.0,123.0,31.0
431,89,10700,320,4.0,6.0,93.0,16.0
432,109,6900,300,4.0,7.0,129.0,18.0
433,129,6700,150,3.0,7.0,156.0,22.0
434,52,10600,250,1.0,6.0,78.0,13.0
435,117,10500,190,5.0,6.0,135.0,22.0
436,202,14200,220,7.0,8.0,162.0,20.0
437,241,900,160,6.0,8.0,246.0,31.0
438,57,900,240,1.0,6.0,141.0,24.0
439,184,14900,340,7.0,9.0,147.0,16.0
440,95,11000,170,3.0,6.0,123.0,20.0
441,241,1900,70,8.0,9.0,237.0,26.0
442,128,4900,330,3.0,8.0,156.0,20.0
443,238,12400,210,7.0,10.0,180.0,18.0
444,228,5500,160,7.0,9.0,225.0,25.0
445,132,14300,210,3.0,8.0,132.0,16.0
446,148,11700,140,6.0,8.0,144.0,18.0
447,194,11000,360,7.0,7.0,159.0,23.0
448,152,11600,110,5.0,8.0,162.0,20.0
449,112,2600,80,4.0,6.0,177.0,30.0
450,210,1900,110,7.0,7.0,237.0,34.0
451,226,12200,280,8.0,10.0,174.0,17.0
452,39,6300,60,1.0,4.0,102.0,26.0
453,137,13200,330,5.0,7.0,123.0,18.0
454,138,11500,100,4.0,8.0,156.0,20.0
455,35,8100,210,1.0,3.0,75.0,25.0
456,195,2400,160,5.0,8.0,222.0,28.0
457,112,8500,180,3.0,7.0,141.0,20.0
458,151,10000,140,5.0,8.0,156.0,20.0
459,187,10500,240,5.0,7.0,177.0,25.0
460,183,8900,390,6.0,9.0,153.0,17.0
461,225,12500,370,6.0,8.0,165.0,21.0
462,112,4700,380,3.0,7.0,132.0,19.0
463,63,4200,240,2.0,4.0,120.0,30.0
464,212,13800,160,7.0,9.0,177.0,20.0
465,135,11500,340,4.0,8.0,129.0,16.0
466,227,11400,110,6.0,9.0,198.0,22.0
467,39,4800,230,1.0,5.0,90.0,18.0
468,184,1800,300,5.0,7.0,198.0,28.0
469,196,6600,240,5.0,7.0,180.0,26.0
470,142,1400,100,5.0,7.0,198.0,28.0
471,129,6300,380,4.0,8.0,135.0,17.0
472,192,9100,190,6.0,8.0,177.0,22.0
473,173,11600,320,6.0,8.0,156.0,20.0
474,158,6600,290,4.0,8.0,165.0,21.0
475,73,8700,260,2.0,6.0,108.0,18.0
476,63,5300,340,4.0,6.0,96.0,16.0
477,118,6300,280,4.0,5.0,138.0,28.0
478,191,4400,110,6.0,8.0,222.0,28.0
479,157,9100,300,6.0,8.0,156.0,20.0
480,131,11700,340,4.0,7.0,126.0,18.0
481,194,10700,90,5.0,9.0,186.0,21.0
482,175,13900,110,4.0,9.0,156.0,17.0
483,217,10900,160,6.0,8.0,192.0,24.0
484,47,13200,60,1.0,4.0,90.0,22.0
485,67,3200,350,3.0,6.0,111.0,18.0
486,131,8800,240,3.0,7.0,138.0,20.0
487,221,2800,340,7.0,8.0,195.0,24.0
488,243,9600,400,6.0,9.0,177.0,20.0
489,114,12400,330,4.0,7.0,111.0,16.0
490,117,9600,180,5.0,7.0,138.0,20.0
491,33,14100,240,1.0,3.0,51.0,17.0
492,114,6200,80,5.0,5.0,162.0,32.0
493,96,14700,90,2.0,7.0,126.0,18.0
494,35,12600,350,1.0,4.0,45.0,11.0
495,151,10900,190,4.0,8.0,159.0,20.0
496,239,12400,400,6.0,10.0,153.0,15.0
497,227,9400,130,8.0,9.0,192.0,21.0
498,172,5500,310,6.0,8.0,177.0,22.0
499,216,10800,140,7.0,9.0,192.0,21.0
500,76,1900,380,3.0,4.0,120.0,30.0
501,98,2300,230,2.0,7.0,153.0,22.0
502,106,12300,310,5.0,6.0,108.0,18.0
503,214,4600,340,5.0,8.0,195.0,24.0
504,153,1700,120,6.0,6.0,204.0,34.0
505,200,14000,260,6.0,9.0,150.0,17.0
506,79,12800,210,4.0,4.0,99.0,25.0
507,171,7100,270,4.0,8.0,165.0,21.0
508,160,10400,190,5.0,6.0,156.0,26.0
509,222,3800,100,7.0,7.0,219.0,31.0
510,61,7800,400,2.0,4.0,81.0,20.0
511,78,5200,400,3.0,5.0,105.0,21.0
512,142,7200,100,5.0,8.0,177.0,22.0
513,124,8200,360,5.0,8.0,123.0,15.0
514,136,7800,290,4.0,7.0,147.0,21.0
515,60,3400,80,4.0,4.0,141.0,35.0
516,150,4700,250,6.0,6.0,177.0,30.0
517,190,4700,340,6.0,7.0,174.0,25.0
518,117,6600,300,3.0,7.0,141.0,20.0
519,104,14900,90,5.0,6.0,132.0,22.0
520,81,9100,380,4.0,6.0,99.0,16.0
521,98,1600,260,4.0,5.0,165.0,33.0
522,177,14000,360,5.0,9.0,138.0,15.0
523,64,11000,340,2.0,5.0,84.0,17.0
524,236,6000,110,8.0,8.0,216.0,27.0
525,57,9300,130,1.0,4.0,105.0,26.0
526,164,12100,60,5.0,6.0,180.0,30.0
527,92,7900,160,3.0,6.0,126.0,21.0
528,37,12200,110,1.0,4.0,78.0,20.0
529,124,9100,160,3.0,7.0,147.0,21.0
530,206,3500,100,5.0,7.0,222.0,32.0
531,145,14800,90,6.0,8.0,144.0,18.0
532,209,2300,140,7.0,9.0,231.0,26.0
533,55,7200,220,1.0,6.0,99.0,16.0
534,96,12300,370,2.0,5.0,99.0,20.0
535,181,8200,320,6.0,7.0,165.0,24.0
536,112,2400,380,5.0,6.0,150.0,25.0
537,33,11500,370,1.0,4.0,42.0,10.0
538,205,5200,340,7.0,9.0,192.0,21.0
539,61,7400,150,2.0,4.0,114.0,28.0
540,161,11600,240,4.0,6.0,156.0,26.0
541,106,9500,160,4.0,6.0,135.0,22.0
542,73,2400,140,2.0,4.0,153.0,38.0
543,200,3800,180,6.0,8.0,210.0,26.0
544,102,5700,60,5.0,5.0,159.0,32.0
545,37,10400,350,1.0,5.0,54.0,11.0
546,163,12700,260,6.0,8.0,144.0,18.0
547,58,14800,60,1.0,6.0,87.0,14.0
548,148,8700,270,4.0,7.0,147.0,21.0
549,104,6200,100,5.0,7.0,153.0,22.0
550,203,14900,130,6.0,8.0,183.0,23.0
551,96,9700,330,2.0,6.0,117.0,20.0
552,131,14800,160,5.0,6.0,129.0,22.0
553,82,12800,100,3.0,7.0,117.0,17.0
554,65,13900,380,3.0,6.0,66.0,11.0
555,122,1600,70,5.0,7.0,186.0,27.0
556,143,1500,300,6.0,6.0,177.0,30.0
557,76,8800,170,2.0,6.0,111.0,18.0
558,170,10900,270,4.0,9.0,144.0,16.0
559,193,15000,200,6.0,9.0,159.0,18.0
560,167,11300,270,5.0,8.0,150.0,19.0
561,72,10300,350,3.0,6.0,93.0,16.0
562,61,9000,330,3.0,6.0,81.0,14.0
563,172,12900,200,6.0,9.0,156.0,17.0
564,187,11600,280,6.0,7.0,153.0,22.0
565,59,9800,260,1.0,6.0,84.0,14.0
566,170,12900,90,5.0,9.0,162.0,18.0
567,72,3800,280,2.0,5.0,123.0,25.0
568,113,1800,360,4.0,5.0,159.0,32.0
569,120,9600,280,3.0,6.0,129.0,22.0
570,115,2100,250,4.0,7.0,159.0,23.0
571,169,2500,290,4.0,6.0,183.0,30.0
572,233,1300,170,7.0,8.0,228.0,28.0
573,98,14400,270,2.0,6.0,102.0,17.0
574,93,2100,280,4.0,6.0,153.0,26.0
575,168,12500,190,5.0,6.0,147.0,24.0
576,121,400,310,5.0,6.0,162.0,27.0
577,224,10300,90,6.0,9.0,201.0,22.0
578,105,11700,180,5.0,6.0,126.0,21.0
579,178,11300,150,6.0,7.0,177.0,25.0
580,243,10600,100,7.0,9.0,207.0,23.0
581,222,14500,370,8.0,9.0,150.0,17.0
582,103,12400,240,5.0,7.0,114.0,16.0
583,112,12700,290,3.0,6.0,117.0,20.0
584,70,5100,190,2.0,5.0,123.0,25.0
585,119,13600,60,5.0,7.0,141.0,20.0
586,37,3900,200,1.0,3.0,99.0,33.0
587,240,13700,140,8.0,9.0,198.0,22.0
588,217,14600,110,7.0,9.0,186.0,21.0
589,173,11900,80,6.0,8.0,174.0,22.0
590,114,7700,210,3.0,7.0,147.0,21.0
591,125,6000,390,3.0,8.0,135.0,17.0
592,43,3900,360,1.0,5.0,84.0,17.0
593,88,4500,260,2.0,7.0,129.0,18.0
594,47,8600,330,1.0,3.0,69.0,23.0
595,181,11100,160,6.0,9.0,171.0,19.0
596,178,2500,160,5.0,8.0,201.0,25.0
597,78,7700,100,2.0,5.0,129.0,26.0
598,160,3600,340,6.0,8.0,159.0,20.0
599,100,4500,100,4.0,7.0,159.0,23.0
600,211,2700,120,6.0,9.0,234.0,26.0
601,186,4200,360,7.0,8.0,168.0,21.0
602,243,10500,200,8.0,9.0,192.0,21.0
603,192,5900,90,5.0,9.0,192.0,21.0
604,65,7500,220,2.0,6.0,105.0,18.0
605,234,10600,310,8.0,10.0,189.0,19.0
606,50,13700,320,1.0,4.0,60.0,15.0
607,214,10100,290,7.0,9.0,180.0,20.0
608,50,10400,110,1.0,5.0,93.0,19.0
609,198,12900,120,5.0,9.0,171.0,19.0
610,203,9300,270,5.0,7.0,177.0,25.0
611,69,4200,360,4.0,5.0,111.0,22.0
612,150,9900,210,5.0,8.0,150.0,19.0
613,96,2100,190,2.0,5.0,156.0,31.0
614,38,13100,310,1.0,4.0,57.0,14.0
615,195,9600,220,5.0,8.0,180.0,22.0
616,224,7900,80,7.0,9.0,222.0,25.0
617,29,13400,120,1.0,4.0,63.0,16.0
618,167,5100,260,6.0,6.0,180.0,30.0
619,73,10000,380,4.0,5.0,81.0,16.0
620,246,5000,50,6.0,8.0,240.0,30.0
621,216,5800,180,5.0,8.0,201.0,25.0
622,76,3400,180,2.0,4.0,138.0,34.0
623,29,4900,150,1.0,4.0,90.0,22.0
624,62,4300,220,3.0,6.0,120.0,20.0
625,41,7600,280,1.0,4.0,75.0,19.0
626,146,2100,250,4.0,6.0,189.0,32.0
627,231,2200,340,8.0,10.0,210.0,21.0
628,144,12900,340,4.0,6.0,123.0,20.0
629,199,9300,190,5.0,7.0,177.0,25.0
630,123,11000,280,3.0,6.0,132.0,22.0
631,234,12500,360,7.0,8.0,168.0,21.0
632,188,3300,260,6.0,9.0,198.0,22.0
633,51,600,120,1.0,4.0,150.0,38.0
634,192,10500,210,6.0,9.0,171.0,19.0
635,96,4300,370,3.0,7.0,126.0,18.0
636,200,10400,360,6.0,8.0,162.0,20.0
637,167,13600,200,4.0,7.0,156.0,22.0
638,111,3500,340,3.0,6.0,144.0,24.0
639,160,2500,250,5.0,6.0,192.0,32.0
640,177,7000,160,4.0,8.0,180.0,22.0
641,169,4300,320,6.0,8.0,174.0,22.0
642,226,6900,200,6.0,9.0,198.0,22.0
643,50,2000,280,1.0,6.0,117.0,20.0
644,28,9900,370,1.0,3.0,45.0,15.0
645,66,9200,400,2.0,5.0,84.0,17.0
646,183,14900,380,6.0,9.0,144.0,16.0
647,165,5700,330,5.0,8.0,165.0,21.0
648,81,4900,120,2.0,4.0,144.0,36.0
649,102,14400,160,3.0,6.0,123.0,20.0
650,110,3900,110,4.0,5.0,162.0,32.0
651,36,12700,160,1.0,5.0,66.0,13.0
652,129,5200,370,4.0,7.0,150.0,21.0
653,96,10000,220,4.0,6.0,117.0,20.0
654,248,14100,380,7.0,10.0,168.0,17.0
655,62,13200,210,2.0,4.0,87.0,22.0
656,241,10900,200,7.0,9.0,183.0,20.0
657,81,9500,270,2.0,4.0,105.0,26.0
658,203,13700,250,5.0,7.0,174.0,25.0
659,110,7800,380,4.0,5.0,117.0,23.0
660,125,10400,200,5.0,7.0,141.0,20.0
661,210,2500,50,6.0,7.0,243.0,35.0
662,79,4500,400,3.0,5.0,105.0,21.0
663,100,12800,370,2.0,7.0,93.0,13.0
664,177,11800,290,4.0,9.0,144.0,16.0
665,246,3500,360,6.0,10.0,216.0,22.0
666,182,700,270,7.0,9.0,198.0,22.0
667,81,12800,340,3.0,4.0,84.0,21.0
668,81,1600,80,2.0,4.0,159.0,40.0
669,135,15000,180,5.0,6.0,132.0,22.0
670,122,5600,390,5.0,6.0,126.0,21.0
671,81,5100,360,4.0,4.0,114.0,28.0
672,45,2100,350,1.0,3.0,102.0,34.0
673,78,900,170,4.0,6.0,165.0,28.0
674,29,8500,250,1.0,3.0,66.0,22.0
675,194,14200,120,5.0,9.0,168.0,19.0
676,213,13700,60,6.0,8.0,183.0,23.0
677,111,13000,270,3.0,7.0,111.0,16.0
678,156,6600,270,5.0,7.0,165.0,24.0
679,82,5100,280,4.0,6.0,126.0,21.0
680,51,10400,90,1.0,4.0,96.0,24.0
681,181,9100,330,6.0,9.0,153.0,17.0
682,80,9900,110,4.0,4.0,126.0,32.0
683,42,9300,70,1.0,5.0,99.0,20.0
684,36,14100,130,1.0,3.0,69.0,23.0
685,154,500,280,4.0,7.0,195.0,28.0
686,128,12200,60,3.0,7.0,153.0,22.0
687,75,14100,220,3.0,4.0,90.0,22.0
688,153,5400,330,5.0,7.0,156.0,22.0
689,161,4600,240,4.0,7.0,174.0,25.0
690,209,12300,320,5.0,7.0,153.0,22.0
691,247,3500,260,8.0,9.0,225.0,25.0
692,35,10400,390,1.0,5.0,45.0,9.0
693,36,13800,100,1.0,5.0,75.0,15.0
694,249,11400,170,8.0,10.0,213.0,21.0
695,205,13900,250,7.0,8.0,165.0,21.0
696,85,5300,160,3.0,7.0,138.0,20.0
697,183,10600,130,5.0,7.0,177.0,25.0
698,106,12000,250,5.0,6.0,120.0,20.0
699,212,4200,370,7.0,7.0,192.0,27.0
700,150,1000,280,6.0,8.0,186.0,23.0
701,163,8300,380,4.0,7.0,147.0,21.0
702,233,10500,70,6.0,10.0,207.0,21.0
703,234,6600,300,6.0,9.0,186.0,21.0
704,247,7400,280,7.0,8.0,201.0,25.0
705,173,9300,360,5.0,7.0,150.0,21.0
706,146,13700,230,5.0,7.0,132.0,19.0
707,185,8800,190,6.0,8.0,186.0,23.0
708,213,13200,80,5.0,8.0,195.0,24.0
709,163,11400,300,5.0,8.0,150.0,19.0
710,65,4900,240,2.0,6.0,114.0,19.0
711,127,1600,130,4.0,7.0,195.0,28.0
712,169,6500,120,6.0,8.0,192.0,24.0
713,211,8900,380,6.0,9.0,162.0,18.0
714,244,500,140,6.0,10.0,249.0,25.0
715,146,2400,310,4.0,8.0,168.0,21.0
716,54,14800,370,1.0,6.0,54.0,9.0
717,116,3700,110,4.0,5.0,180.0,36.0
718,174,10100,390,5.0,9.0,150.0,17.0
719,177,14200,330,5.0,8.0,138.0,17.0
720,226,7100,230,6.0,10.0,192.0,19.0
721,39,5900,60,1.0,5.0,111.0,22.0
722,109,7400,380,5.0,5.0,117.0,23.0
723,199,3200,220,7.0,8.0,207.0,26.0
724,39,8800,100,1.0,4.0,93.0,23.0
725,229,8200,60,7.0,8.0,213.0,27.0
726,211,4600,170,7.0,7.0,210.0,30.0
727,228,3700,350,8.0,10.0,201.0,20.0
728,82,12300,60,3.0,5.0,123.0,25.0
729,71,3100,120,4.0,4.0,147.0,37.0
730,48,4100,330,1.0,3.0,90.0,30.0
731,214,10400,350,5.0,9.0,168.0,19.0
732,183,5800,210,5.0,8.0,186.0,23.0
733,142,9600,120,4.0,6.0,162.0,27.0
734,60,7400,240,4.0,6.0,105.0,18.0
735,173,11300,180,6.0,9.0,159.0,18.0
736,85,8000,110,4.0,7.0,132.0,19.0
737,227,6700,310,6.0,9.0,186.0,21.0
738,187,13100,280,5.0,7.0,153.0,22.0
739,173,3800,190,6.0,9.0,183.0,20.0
740,93,2600,160,4.0,6.0,156.0,26.0
741,247,5900,140,8.0,8.0,213.0,27.0
742,198,6800,380,6.0,7.0,165.0,24.0
743,113,9700,220,3.0,5.0,138.0,28.0
744,58,13900,390,1.0,6.0,57.0,10.0
745,201,11300,310,6.0,7.0,162.0,23.0
746,124,4100,240,4.0,7.0,150.0,21.0
747,130,10700,60,4.0,7.0,165.0,24.0
748,245,1700,90,7.0,9.0,267.0,30.0
749,65,13100,270,4.0,5.0,81.0,16.0
750,138,6100,230,3.0,6.0,162.0,27.0
751,219,1900,100,6.0,7.0,237.0,34.0
752,202,3600,60,7.0,7.0,225.0,32.0
753,234,3900,300,6.0,8.0,204.0,26.0
754,233,10000,300,6.0,8.0,183.0,23.0
755,47,12700,80,1.0,5.0,90.0,18.0
756,166,7100,270,4.0,6.0,162.0,27.0
757,157,4900,370,6.0,6.0,168.0,28.0
758,162,7500,320,4.0,6.0,153.0,26.0
759,231,2000,370,8.0,9.0,213.0,24.0
760,69,5800,210,2.0,5.0,120.0,24.0
761,131,12700,170,4.0,7.0,141.0,20.0
762,109,14800,360,4.0,7.0,102.0,15.0
763,122,13900,120,4.0,6.0,132.0,22.0
764,86,7000,210,2.0,5.0,129.0,26.0
765,82,9100,70,2.0,6.0,129.0,22.0
766,56,13200,260,1.0,4.0,72.0,18.0
767,102,9700,90,3.0,6.0,150.0,25.0
768,125,7900,230,3.0,6.0,135.0,22.0
769,170,5900,110,4.0,9.0,186.0,21.0
770,105,2000,300,5.0,7.0,156.0,22.0
771,168,700,60,4.0,6.0,231.0,38.0
772,34,3000,60,1.0,4.0,114.0,28.0
773,170,3300,330,5.0,9.0,180.0,20.0
774,218,3800,340,6.0,9.0,192.0,21.0
775,164,11400,110,4.0,6.0,177.0,30.0
776,189,5200,170,6.0,8.0,195.0,24.0
777,94,4700,340,3.0,5.0,129.0,26.0
778,183,5400,230,7.0,7.0,177.0,25.0
779,114,9400,190,3.0,7.0,129.0,18.0
780,132,300,380,3.0,7.0,180.0,26.0
781,128,13600,250,3.0,7.0,120.0,17.0
782,107,500,280,5.0,6.0,174.0,29.0
783,166,9300,170,5.0,6.0,165.0,28.0
784,234,1100,290,8.0,9.0,222.0,25.0
785,76,3300,80,4.0,6.0,156.0,26.0
786,138,4900,130,3.0,8.0,177.0,22.0
787,94,15000,200,3.0,5.0,99.0,20.0
788,75,7800,320,4.0,6.0,99.0,16.0
789,32,6200,370,1.0,3.0,63.0,21.0
790,39,13900,220,1.0,5.0,63.0,13.0
791,159,4300,260,4.0,7.0,180.0,26.0
792,146,9400,350,4.0,8.0,138.0,17.0
793,61,8200,210,4.0,6.0,93.0,16.0
794,43,3200,190,1.0,5.0,105.0,21.0
795,121,11200,340,3.0,6.0,114.0,19.0
796,242,13600,300,8.0,8.0,180.0,22.0
797,238,13700,80,6.0,8.0,195.0,24.0
798,223,13900,70,6.0,7.0,192.0,27.0
799,235,3700,380,6.0,9.0,195.0,22.0
800,132,12900,70,3.0,7.0,144.0,21.0
801,76,14900,70,3.0,6.0,105.0,18.0
802,55,14100,140,1.0,5.0,81.0,16.0
803,120,5400,210,5.0,7.0,147.0,21.0
804,134,7900,320,5.0,6.0,132.0,22.0
805,137,12800,390,4.0,8.0,123.0,15.0
806,231,9600,370,7.0,8.0,174.0,22.0
807,55,11400,340,1.0,5.0,66.0,13.0
808,233,14800,80,8.0,10.0,195.0,20.0
809,163,11500,50,4.0,7.0,180.0,26.0
810,42,13200,240,1.0,4.0,66.0,16.0
811,233,1000,350,8.0,10.0,219.0,22.0
812,175,9500,220,6.0,9.0,168.0,19.0
813,132,11700,70,3.0,7.0,150.0,21.0
814,169,12900,180,6.0,6.0,165.0,28.0
815,64,12000,280,2.0,5.0,81.0,16.0
816,132,2300,190,3.0,6.0,171.0,28.0
817,99,7100,60,2.0,5.0,150.0,30.0
818,143,2200,310,5.0,7.0,171.0,24.0
819,134,5200,400,5.0,8.0,138.0,17.0
820,98,10200,90,3.0,5.0,138.0,28.0
821,110,13700,380,3.0,6.0,93.0,16.0
822,186,10800,300,5.0,9.0,156.0,17.0
823,224,13400,80,7.0,7.0,204.0,29.0
824,77,10900,280,3.0,6.0,99.0,16.0
825,199,8000,330,6.0,9.0,168.0,19.0
826,50,7200,360,1.0,5.0,84.0,17.0
827,125,2200,200,3.0,7.0,177.0,25.0
828,83,13000,190,4.0,7.0,108.0,15.0
829,115,10400,340,3.0,6.0,123.0,20.0
830,158,3900,140,6.0,8.0,186.0,23.0
831,118,6600,60,3.0,6.0,162.0,27.0
832,153,11800,300,6.0,6.0,141.0,24.0
833,36,1000,180,1.0,5.0,126.0,25.0
834,176,9600,390,5.0,9.0,141.0,16.0
835,84,11100,330,4.0,7.0,102.0,15.0
836,153,10300,320,6.0,6.0,138.0,23.0
837,84,15000,230,3.0,6.0,96.0,16.0
838,102,6200,90,4.0,5.0,159.0,32.0
839,110,11700,370,3.0,7.0,102.0,15.0
840,219,11600,240,7.0,7.0,189.0,27.0
841,98,7500,360,3.0,6.0,114.0,19.0
842,213,1700,390,5.0,8.0,192.0,24.0
843,208,3100,130,6.0,7.0,225.0,32.0
844,157,3600,400,6.0,7.0,165.0,24.0
845,202,5100,340,6.0,7.0,180.0,26.0
846,232,12400,230,7.0,10.0,174.0,17.0
847,238,13100,60,8.0,10.0,210.0,21.0
848,229,6400,220,6.0,10.0,204.0,20.0
849,143,13400,180,6.0,8.0,144.0,18.0
850,217,13800,180,6.0,7.0,183.0,26.0
851,138,7500,130,3.0,6.0,165.0,28.0
852,65,8300,90,3.0,5.0,114.0,23.0
853,56,5600,320,1.0,6.0,93.0,16.0
854,243,4800,50,7.0,8.0,231.0,29.0
855,75,400,210,2.0,5.0,168.0,34.0
856,183,12600,230,6.0,8.0,162.0,20.0
857,182,2900,260,7.0,9.0,195.0,22.0
858,151,13200,60,5.0,8.0,162.0,20.0
859,42,7900,120,1.0,4.0,93.0,23.0
860,35,5000,300,1.0,4.0,81.0,20.0
861,226,5700,400,8.0,9.0,171.0,19.0
862,105,13100,260,3.0,5.0,111.0,22.0
863,101,3300,330,4.0,5.0,141.0,28.0
864,114,9400,300,3.0,5.0,129.0,26.0
865,199,3900,280,5.0,9.0,195.0,22.0
866,232,900,80,6.0,8.0,267.0,33.0
867,229,7000,290,8.0,9.0,177.0,20.0
868,102,11100,190,3.0,6.0,117.0,20.0
869,139,5100,360,5.0,7.0,144.0,21.0
870,201,3500,350,7.0,7.0,198.0,28.0
871,182,14700,380,6.0,8.0,141.0,18.0
872,88,12800,60,2.0,6.0,120.0,20.0
873,72,4500,230,2.0,5.0,120.0,24.0
874,34,7300,270,1.0,4.0,72.0,18.0
875,161,2500,320,6.0,8.0,174.0,22.0
876,64,6600,110,4.0,4.0,123.0,31.0
877,57,5200,320,1.0,4.0,102.0,26.0
878,147,6300,210,5.0,6.0,162.0,27.0
879,150,5500,80,5.0,7.0,183.0,26.0
880,38,11300,370,1.0,3.0,48.0,16.0
881,73,12800,160,4.0,6.0,93.0,16.0
882,206,700,160,5.0,8.0,228.0,28.0
883,146,7700,300,4.0,7.0,150.0,21.0
884,111,3100,210,5.0,5.0,162.0,32.0
885,193,11900,340,5.0,8.0,153.0,19.0
886,201,6200,300,6.0,9.0,183.0,20.0
887,126,12400,110,3.0,6.0,150.0,25.0
888,43,9400,120,1.0,3.0,90.0,30.0
889,182,6900,210,6.0,9.0,177.0,20.0
890,107,9400,340,3.0,5.0,111.0,22.0
891,36,5000,320,1.0,3.0,78.0,26.0
892,94,12600,140,3.0,6.0,120.0,20.0
893,101,13800,230,3.0,5.0,105.0,21.0
894,66,2000,370,4.0,5.0,117.0,23.0
895,115,2600,90,4.0,6.0,174.0,29.0
896,93,9000,100,2.0,6.0,132.0,22.0
897,43,2000,200,1.0,4.0,120.0,30.0
898,173,1700,90,6.0,7.0,213.0,30.0
899,39,1900,310,1.0,4.0,102.0,26.0
900,120,14900,130,3.0,6.0,129.0,22.0
901,133,14700,180,5.0,7.0,138.0,20.0
902,113,10000,200,5.0,7.0,138.0,20.0
903,73,9100,360,4.0,5.0,90.0,18.0
904,238,9800,290,8.0,9.0,183.0,20.0
905,175,500,320,6.0,9.0,213.0,24.0
906,150,600,210,4.0,6.0,210.0,35.0
907,207,6100,320,6.0,7.0,171.0,24.0
908,116,8400,320,4.0,7.0,120.0,17.0
909,206,7100,210,5.0,8.0,201.0,25.0
910,59,1000,370,1.0,6.0,117.0,20.0
911,77,13900,250,4.0,5.0,87.0,17.0
912,220,11200,80,6.0,7.0,192.0,27.0
913,203,9100,340,6.0,7.0,177.0,25.0
914,202,400,310,5.0,8.0,225.0,28.0
915,194,13000,250,5.0,8.0,159.0,20.0
916,160,11800,270,6.0,7.0,144.0,21.0
917,137,4000,300,4.0,6.0,153.0,26.0
918,159,10600,60,4.0,7.0,186.0,27.0
919,77,4900,100,2.0,4.0,135.0,34.0
920,235,2700,60,8.0,9.0,258.0,29.0
921,28,7800,270,1.0,3.0,63.0,21.0
922,170,8100,230,6.0,7.0,180.0,26.0
923,152,7100,110,5.0,6.0,168.0,28.0
924,208,13100,180,5.0,7.0,177.0,25.0
925,147,4900,90,5.0,7.0,186.0,27.0
926,211,9900,330,7.0,8.0,177.0,22.0
927,198,1600,360,7.0,7.0,198.0,28.0
928,164,7000,290,6.0,8.0,159.0,20.0
929,160,8500,180,5.0,7.0,162.0,23.0
930,54,2300,200,1.0,4.0,123.0,31.0
931,81,14000,280,2.0,4.0,99.0,25.0
932,238,6300,220,7.0,8.0,219.0,27.0
933,72,13100,180,4.0,4.0,96.0,24.0
934,187,5600,260,6.0,8.0,177.0,22.0
935,61,13100,360,4.0,4.0,69.0,17.0
936,234,6200,370,8.0,9.0,189.0,21.0
937,145,2700,290,6.0,7.0,174.0,25.0
938,175,8000,170,5.0,9.0,174.0,19.0
939,135,11500,380,5.0,6.0,120.0,20.0
940,237,11400,90,7.0,10.0,201.0,20.0
941,110,3900,210,3.0,5.0,162.0,32.0
942,61,400,350,4.0,6.0,129.0,22.0
943,64,14900,300,4.0,4.0,72.0,18.0
944,163,500,300,6.0,8.0,198.0,25.0
945,78,14500,150,2.0,4.0,99.0,25.0
946,68,13900,220,2.0,5.0,90.0,18.0
947,174,11000,120,5.0,8.0,171.0,21.0
948,31,8400,350,1.0,3.0,51.0,17.0
949,99,13600,300,3.0,5.0,99.0,20.0
950,31,3200,320,1.0,3.0,84.0,28.0
951,215,14100,260,7.0,8.0,171.0,21.0
952,102,6000,220,5.0,5.0,138.0,28.0
953,183,13100,400,6.0,9.0,138.0,15.0
954,65,9200,180,2.0,4.0,108.0,27.0
955,72,8400,300,2.0,5.0,102.0,20.0
956,247,5100,190,6.0,10.0,231.0,23.0
957,66,9300,210,2.0,4.0,108.0,27.0
958,227,13800,320,7.0,8.0,168.0,21.0
959,80,4900,270,3.0,5.0,117.0,23.0
960,71,2400,100,2.0,5.0,150.0,30.0
961,231,12400,180,7.0,8.0,192.0,24.0
962,229,10300,140,7.0,10.0,195.0,20.0
963,42,13500,280,1.0,5.0,60.0,12.0
964,189,3100,270,6.0,7.0,195.0,28.0
965,218,13800,300,5.0,7.0,165.0,24.0
966,221,10700,170,6.0,9.0,192.0,21.0
967,121,9700,360,5.0,8.0,120.0,15.0
968,116,7800,50,3.0,5.0,153.0,31.0
969,37,2200,350,1.0,4.0,93.0,23.0
970,195,7200,390,6.0,8.0,165.0,21.0
971,52,7400,370,1.0,5.0,78.0,16.0
972,157,6200,380,4.0,8.0,156.0,20.0
973,227,800,120,8.0,10.0,249.0,25.0
974,48,1100,70,1.0,4.0,150.0,38.0
975,44,4600,200,1.0,4.0,105.0,26.0
976,155,14300,390,4.0,8.0,126.0,16.0
977,203,14900,180,6.0,7.0,159.0,23.0
978,191,8200,240,5.0,7.0,177.0,25.0
979,245,700,160,6.0,10.0,246.0,25.0
980,161,4800,90,4.0,7.0,198.0,28.0
981,55,13700,290,1.0,6.0,69.0,12.0
982,127,1900,220,5.0,8.0,171.0,21.0
983,133,7400,340,4.0,7.0,141.0,20.0
984,60,3300,140,2.0,5.0,132.0,26.0
985,189,10800,210,6.0,9.0,177.0,20.0
986,223,10100,130,6.0,7.0,186.0,27.0
987,155,900,140,6.0,7.0,204.0,29.0
988,212,13200,340,6.0,8.0,168.0,21.0
989,91,10900,240,3.0,5.0,117.0,23.0
990,193,9100,390,6.0,8.0,159.0,20.0
991,115,1300,90,3.0,5.0,189.0,38.0
992,172,3500,260,4.0,8.0,195.0,24.0
993,126,9100,170,3.0,8.0,144.0,18.0
994,81,7400,340,2.0,6.0,102.0,17.0
995,114,13300,380,5.0,7.0,111.0,16.0
996,193,8600,340,7.0,7.0,171.0,24.0
997,106,6200,270,5.0,7.0,129.0,18.0
998,80,1800,180,3.0,5.0,147.0,29.0
999,105,9500,280,3.0,5.0,123.0,25.0
1000,81,900,310,4.0,6.0,144.0,24.0
1001,181,800,120,5.0,8.0,228.0,28.0
1002,206,1000,120,6.0,9.0,237.0,26.0
1003,90,12500,380,3.0,5.0,81.0,16.0
1004,173,9800,280,4.0,7.0,153.0,22.0
1005,173,10100,330,6.0,9.0,144.0,16.0
1006,129,5500,230,3.0,7.0,156.0,22.0
1007,58,5400,390,1.0,6.0,87.0,14.0
1008,164,13900,380,5.0,8.0,126.0,16.0
1009,43,11600,350,1.0,4.0,57.0,14.0
1010,34,11200,220,1.0,3.0,69.0,23.0
1011,226,13100,250,6.0,8.0,168.0,21.0
1012,163,8500,150,5.0,6.0,177.0,30.0
1013,124,10400,130,4.0,7.0,153.0,22.0
1014,181,11400,220,5.0,8.0,156.0,20.0
1015,159,13000,100,5.0,6.0,159.0,26.0
1016,148,3100,150,4.0,7.0,201.0,29.0
1017,86,11800,180,4.0,5.0,111.0,22.0
1018,155,3900,80,5.0,8.0,186.0,23.0
1019,136,5000,130,4.0,7.0,174.0,25.0
1020,113,4600,270,3.0,6.0,141.0,24.0
1021,58,11100,180,1.0,4.0,96.0,24.0
1022,92,2200,130,2.0,7.0,159.0,23.0
1023,139,5000,280,4.0,8.0,162.0,20.0
1024,127,12900,140,5.0,6.0,141.0,24.0
1025,172,8300,330,5.0,8.0,156.0,20.0
1026,29,9700,240,1.0,3.0,63.0,21.0
1027,153,7600,290,5.0,6.0,156.0,26.0
1028,113,2800,240,5.0,7.0,156.0,22.0
1029,208,1200,270,7.0,9.0,222.0,25.0
1030,212,6300,50,6.0,9.0,219.0,24.0
1031,55,13100,240,1.0,5.0,78.0,16.0
1032,90,9000,230,4.0,5.0,117.0,23.0
1033,166,6800,190,5.0,8.0,168.0,21.0
1034,166,14600,160,5.0,8.0,156.0,20.0
1035,235,14600,80,6.0,9.0,183.0,20.0
1036,64,2600,170,3.0,5.0,129.0,26.0
1037,167,6800,80,6.0,8.0,186.0,23.0
1038,185,13200,90,6.0,9.0,186.0,21.0
1039,162,1000,400,4.0,7.0,180.0,26.0
1040,249,9700,120,8.0,9.0,204.0,23.0
1041,114,5200,330,3.0,7.0,135.0,19.0
1042,61,6700,60,2.0,6.0,120.0,20.0
1043,197,7600,240,7.0,8.0,180.0,22.0
1044,230,14600,280,6.0,8.0,168.0,21.0
1045,98,7600,140,2.0,6.0,132.0,22.0
1046,51,11200,270,1.0,6.0,75.0,12.0
1047,150,10300,390,4.0,7.0,129.0,18.0
1048,147,1700,180,6.0,7.0,192.0,27.0
1049,44,6000,110,1.0,5.0,105.0,21.0
1050,94,8500,50,2.0,6.0,138.0,23.0
1051,56,6800,260,1.0,6.0,93.0,16.0
1052,43,3700,170,1.0,5.0,111.0,22.0
1053,30,7100,130,1.0,4.0,87.0,22.0
1054,30,900,380,1.0,5.0,90.0,18.0
1055,85,15000,120,2.0,7.0,108.0,15.0
1056,141,10500,290,6.0,8.0,141.0,18.0
1057,146,4400,260,6.0,6.0,162.0,27.0
1058,51,9500,290,1.0,6.0,81.0,14.0
1059,74,12400,220,3.0,6.0,102.0,17.0
1060,241,7600,290,8.0,8.0,186.0,23.0
1061,215,8800,120,7.0,7.0,198.0,28.0
1062,191,6400,250,5.0,9.0,180.0,20.0
1063,88,12800,330,3.0,6.0,96.0,16.0
1064,154,13600,390,4.0,8.0,123.0,15.0
1065,153,2000,320,5.0,7.0,177.0,25.0
1066,53,14300,50,1.0,5.0,93.0,19.0
1067,157,11000,150,4.0,7.0,162.0,23.0
1068,206,1600,140,6.0,7.0,225.0,32.0
1069,191,2000,260,7.0,7.0,204.0,29.0
1070,203,1900,220,5.0,9.0,216.0,24.0
1071,107,5700,290,5.0,7.0,138.0,20.0
1072,151,10800,400,6.0,7.0,129.0,18.0
1073,136,2700,210,5.0,7.0,177.0,25.0
1074,39,7500,370,1.0,5.0,69.0,14.0
1075,74,7100,180,3.0,5.0,117.0,23.0
1076,83,14400,310,3.0,5.0,87.0,17.0
1077,75,4600,180,4.0,4.0,135.0,34.0
1078,104,2900,370,5.0,7.0,144.0,21.0
1079,243,1600,100,6.0,8.0,255.0,32.0
1080,160,7600,370,4.0,7.0,150.0,21.0
1081,226,3600,390,7.0,10.0,201.0,20.0
1082,151,5000,60,6.0,6.0,183.0,30.0
1083,68,2400,370,4.0,4.0,117.0,29.0
1084,178,9900,100,5.0,8.0,192.0,24.0
1085,215,3900,230,7.0,9.0,210.0,23.0
1086,96,8800,80,2.0,7.0,141.0,20.0
1087,159,5500,60,6.0,7.0,204.0,29.0
1088,47,6000,150,1.0,4.0,108.0,27.0
1089,164,12100,390,6.0,8.0,138.0,17.0
1090,231,7300,190,8.0,10.0,198.0,20.0
1091,95,11400,110,2.0,5.0,123.0,25.0
1092,249,6900,350,6.0,10.0,192.0,19.0
1093,152,12500,270,5.0,8.0,147.0,18.0
1094,78,9900,380,4.0,5.0,84.0,17.0
1095,130,9900,340,4.0,7.0,126.0,18.0
1096,230,7300,160,6.0,10.0,213.0,21.0
1097,65,4900,110,4.0,6.0,129.0,22.0
1098,186,6900,350,7.0,8.0,168.0,21.0
1099,53,3400,380,1.0,4.0,102.0,26.0
1100,159,8900,350,6.0,7.0,147.0,21.0
1101,43,14900,50,1.0,4.0,84.0,21.0
1102,126,7400,120,5.0,6.0,165.0,28.0
1103,114,2300,300,3.0,7.0,156.0,22.0
1104,170,11400,180,4.0,7.0,156.0,22.0
1105,104,1800,180,3.0,5.0,162.0,32.0
1106,32,8700,200,1.0,3.0,72.0,24.0
1107,145,10000,140,6.0,6.0,168.0,28.0
1108,126,11200,260,5.0,6.0,129.0,22.0
1109,248,8100,160,8.0,8.0,204.0,26.0
1110,216,9500,270,5.0,9.0,180.0,20.0
1111,55,14300,370,1.0,6.0,60.0,10.0
1112,154,3800,300,4.0,8.0,168.0,21.0
1113,172,8900,340,5.0,7.0,147.0,21.0
1114,245,12500,150,7.0,8.0,189.0,24.0
1115,66,7300,290,3.0,6.0,108.0,18.0
1116,225,1500,190,7.0,8.0,243.0,30.0
1117,238,10600,120,7.0,9.0,204.0,23.0
1118,209,8200,80,7.0,7.0,204.0,29.0
1119,171,9200,320,5.0,7.0,156.0,22.0
1120,47,2500,230,1.0,3.0,114.0,38.0
1121,84,500,370,4.0,7.0,144.0,21.0
1122,133,3100,350,4.0,7.0,162.0,23.0
1123,180,14500,60,6.0,7.0,171.0,24.0
1124,141,4100,150,6.0,6.0,189.0,32.0
1125,94,2400,160,2.0,7.0,156.0,22.0
1126,179,2900,390,5.0,8.0,171.0,21.0
1127,228,6000,60,7.0,8.0,222.0,28.0
1128,163,9300,120,4.0,8.0,174.0,22.0
1129,203,8700,200,7.0,8.0,192.0,24.0
1130,97,3400,130,2.0,6.0,165.0,28.0
1131,102,10000,320,4.0,7.0,108.0,15.0
1132,112,4900,330,5.0,7.0,138.0,20.0
1133,179,3900,250,5.0,7.0,180.0,26.0
1134,173,5400,220,4.0,9.0,177.0,20.0
1135,196,9300,340,5.0,9.0,162.0,18.0
1136,41,11800,70,1.0,3.0,87.0,29.0
1137,159,4200,140,5.0,8.0,195.0,24.0
1138,104,9700,260,5.0,7.0,123.0,18.0
1139,43,9900,260,1.0,3.0,75.0,25.0
1140,190,7500,250,5.0,8.0,174.0,22.0
1141,221,8300,250,8.0,8.0,189.0,24.0
1142,161,12500,160,6.0,7.0,156.0,22.0
1143,168,3800,310,6.0,7.0,183.0,26.0
1144,173,13100,190,5.0,9.0,168.0,19.0
1145,236,14800,180,8.0,10.0,180.0,18.0
1146,231,6500,400,8.0,9.0,192.0,21.0
1147,224,2500,140,7.0,7.0,237.0,34.0
1148,86,3000,70,3.0,7.0,156.0,22.0
1149,240,5600,120,7.0,10.0,231.0,23.0
1150,137,12000,260,5.0,7.0,135.0,19.0
1151,59,9400,380,1.0,5.0,72.0,14.0
1152,93,14200,60,3.0,7.0,132.0,19.0
1153,31,2400,390,1.0,3.0,75.0,25.0
1154,240,300,70,6.0,10.0,252.0,25.0
1155,145,11300,160,4.0,8.0,150.0,19.0
1156,51,4600,330,1.0,6.0,96.0,16.0
1157,167,400,190,6.0,6.0,204.0,34.0
1158,185,5800,300,6.0,8.0,174.0,22.0
1159,125,12100,50,4.0,6.0,156.0,26.0
1160,217,4800,380,6.0,7.0,192.0,27.0
1161,191,13100,120,7.0,7.0,183.0,26.0
1162,140,9100,220,4.0,6.0,150.0,25.0
1163,237,14100,250,8.0,9.0,174.0,19.0
1164,30,2700,120,1.0,4.0,99.0,25.0
1165,55,13300,210,1.0,5.0,78.0,16.0
1166,121,10600,240,4.0,8.0,132.0,16.0
1167,211,6800,370,7.0,7.0,165.0,24.0
1168,192,12600,110,7.0,9.0,189.0,21.0
1169,41,3600,150,1.0,3.0,114.0,38.0
1170,196,3100,190,6.0,7.0,204.0,29.0
1171,50,2700,280,1.0,6.0,111.0,18.0
1172,141,4300,360,5.0,6.0,153.0,26.0
1173,139,15000,370,5.0,6.0,111.0,18.0
1174,109,300,240,5.0,5.0,183.0,37.0
1175,138,3500,90,5.0,7.0,186.0,27.0
1176,178,13700,170,6.0,9.0,162.0,18.0
1177,65,2600,60,3.0,4.0,141.0,35.0
1178,127,10400,310,4.0,8.0,129.0,16.0
1179,247,12100,140,7.0,10.0,201.0,20.0
1180,234,400,120,6.0,10.0,270.0,27.0
1181,209,900,80,6.0,9.0,240.0,27.0
1182,66,11500,90,4.0,6.0,105.0,18.0
1183,40,10300,280,1.0,4.0,69.0,17.0
1184,109,3300,120,5.0,5.0,159.0,32.0
1185,234,8500,150,6.0,10.0,207.0,21.0
1186,30,8400,300,1.0,4.0,57.0,14.0
1187,196,13500,150,7.0,8.0,165.0,21.0
1188,165,14600,210,6.0,6.0,156.0,26.0
1189,69,4500,140,2.0,5.0,126.0,25.0
1190,122,6000,50,3.0,8.0,174.0,22.0
1191,220,3200,370,7.0,9.0,198.0,22.0
1192,249,2900,80,8.0,10.0,252.0,25.0
1193,243,14100,100,6.0,10.0,207.0,21.0
1194,139,14800,290,5.0,7.0,120.0,17.0
1195,140,6700,330,4.0,6.0,153.0,26.0
1196,51,6100,280,1.0,5.0,93.0,19.0
1197,187,5600,200,6.0,9.0,195.0,22.0
1198,44,12500,170,1.0,3.0,78.0,26.0
1199,208,3200,110,5.0,7.0,231.0,33.0
1200,117,14800,140,3.0,6.0,129.0,22.0
1201,194,10800,330,6.0,9.0,156.0,17.0
1202,79,5500,180,3.0,5.0,135.0,27.0
1203,247,7000,80,6.0,8.0,225.0,28.0
1204,63,3500,300,3.0,6.0,108.0,18.0
1205,184,8800,240,6.0,9.0,165.0,18.0
1206,167,6900,60,6.0,8.0,180.0,22.0
1207,111,12400,80,5.0,5.0,138.0,28.0
1208,157,500,60,6.0,6.0,222.0,37.0
1209,120,2800,200,3.0,5.0,168.0,34.0
1210,105,4300,260,3.0,7.0,132.0,19.0
1211,57,11300,350,1.0,5.0,75.0,15.0
1212,196,5500,120,7.0,8.0,201.0,25.0
1213,121,15000,370,5.0,6.0,99.0,16.0
1214,185,12600,180,5.0,8.0,162.0,20.0
1215,91,4500,370,3.0,7.0,117.0,17.0
1216,218,14000,350,6.0,7.0,150.0,21.0
1217,64,13900,80,4.0,6.0,105.0,18.0
1218,38,3300,360,1.0,3.0,81.0,27.0
1219,173,1500,140,6.0,7.0,222.0,32.0
1220,56,14400,270,1.0,4.0,69.0,17.0
1221,136,10800,240,3.0,7.0,135.0,19.0
1222,157,6700,270,5.0,8.0,165.0,21.0
1223,66,7300,160,2.0,5.0,114.0,23.0
1224,140,600,60,4.0,6.0,213.0,36.0
1225,184,7800,280,5.0,7.0,171.0,24.0
1226,188,900,120,7.0,8.0,228.0,28.0
1227,54,6200,140,1.0,4.0,114.0,28.0
1228,166,11000,270,5.0,7.0,144.0,21.0
1229,135,11100,80,5.0,6.0,153.0,26.0
1230,141,12000,360,5.0,8.0,126.0,16.0
1231,67,700,360,3.0,6.0,132.0,22.0
1232,198,5300,230,7.0,9.0,192.0,21.0
1233,223,5800,200,6.0,8.0,207.0,26.0
1234,208,3800,210,5.0,7.0,201.0,29.0
1235,205,6400,160,7.0,8.0,201.0,25.0
1236,94,12600,200,4.0,7.0,111.0,16.0
1237,94,12500,370,4.0,5.0,96.0,19.0
1238,224,8800,190,7.0,7.0,201.0,29.0
1239,61,12600,100,2.0,5.0,105.0,21.0
1240,49,8300,170,1.0,4.0,99.0,25.0
1241,43,14000,330,1.0,3.0,51.0,17.0
1242,77,7700,50,3.0,4.0,141.0,35.0
1243,62,1600,370,3.0,4.0,120.0,30.0
1244,78,6500,290,2.0,4.0,111.0,28.0
1245,65,7800,210,2.0,6.0,105.0,18.0
1246,243,4800,90,8.0,9.0,225.0,25.0
1247,33,7100,370,1.0,4.0,57.0,14.0
1248,112,6400,220,3.0,6.0,150.0,25.0
1249,150,6500,90,4.0,7.0,189.0,27.0
1250,138,6200,80,3.0,6.0,183.0,30.0
1251,81,8400,330,2.0,6.0,99.0,16.0
1252,115,11200,250,3.0,5.0,129.0,26.0
1253,220,5700,320,8.0,9.0,201.0,22.0
1254,96,8600,220,2.0,5.0,126.0,25.0
1255,116,13300,140,3.0,5.0,129.0,26.0
1256,126,12400,150,5.0,8.0,144.0,18.0
1257,129,3400,60,5.0,8.0,180.0,22.0
1258,215,14400,300,6.0,9.0,165.0,18.0
1259,91,3200,130,2.0,7.0,159.0,23.0
1260,29,11100,290,1.0,5.0,54.0,11.0
1261,113,11500,370,5.0,6.0,114.0,19.0
1262,105,11700,90,3.0,6.0,126.0,21.0
1263,96,7500,240,4.0,5.0,123.0,25.0
1264,92,13400,270,2.0,7.0,102.0,15.0
1265,120,13300,370,5.0,5.0,114.0,23.0
1266,165,14300,80,6.0,7.0,156.0,22.0
1267,172,8200,250,4.0,7.0,162.0,23.0
1268,220,14600,100,7.0,7.0,180.0,26.0
1269,131,3100,90,5.0,6.0,186.0,31.0
1270,45,4800,400,1.0,5.0,81.0,16.0
1271,31,1500,140,1.0,3.0,117.0,39.0
1272,156,7400,130,5.0,8.0,171.0,21.0
1273,140,5600,380,5.0,8.0,138.0,17.0
1274,104,11300,50,4.0,5.0,144.0,29.0
1275,71,13500,250,2.0,5.0,87.0,17.0
1276,137,1200,120,3.0,7.0,186.0,27.0
1277,136,8200,110,3.0,6.0,168.0,28.0
1278,208,2700,170,6.0,9.0,222.0,25.0
1279,221,7000,330,7.0,7.0,183.0,26.0
1280,206,2600,370,6.0,7.0,195.0,28.0
1281,224,14000,350,7.0,9.0,162.0,18.0
1282,175,600,60,4.0,9.0,234.0,26.0
1283,138,14100,110,5.0,7.0,153.0,22.0
1284,222,15000,360,6.0,7.0,156.0,22.0
1285,94,6700,380,3.0,6.0,117.0,20.0
1286,30,5100,280,1.0,3.0,69.0,23.0
1287,240,3300,310,6.0,8.0,219.0,27.0
1288,61,8700,300,3.0,6.0,87.0,14.0
1289,76,4600,60,4.0,6.0,147.0,24.0
1290,29,3800,100,1.0,5.0,99.0,20.0
1291,230,5900,130,7.0,10.0,222.0,22.0
1292,41,10300,210,1.0,3.0,72.0,24.0
1293,225,9200,260,8.0,10.0,186.0,19.0
1294,74,4500,240,4.0,6.0,117.0,20.0
1295,98,5300,200,3.0,7.0,144.0,21.0
1296,105,8000,280,4.0,6.0,132.0,22.0
1297,191,8800,290,6.0,9.0,168.0,19.0
1298,77,15000,60,3.0,4.0,108.0,27.0
1299,159,7600,220,4.0,6.0,165.0,28.0
1300,244,5400,290,8.0,9.0,201.0,22.0
1301,191,8500,230,6.0,9.0,177.0,20.0
1302,56,8000,260,1.0,5.0,90.0,18.0
1303,94,6300,260,3.0,7.0,126.0,18.0
1304,127,8600,370,3.0,6.0,132.0,22.0
1305,121,10400,120,4.0,6.0,144.0,24.0
1306,71,11200,170,2.0,6.0,102.0,17.0
1307,235,7800,300,6.0,9.0,180.0,20.0
1308,134,7200,190,4.0,7.0,147.0,21.0
1309,91,12300,380,4.0,7.0,90.0,13.0
1310,47,7900,190,1.0,5.0,96.0,19.0
1311,233,2900,180,8.0,10.0,231.0,23.0
1312,81,4500,120,3.0,4.0,144.0,36.0
1313,121,9700,60,5.0,6.0,153.0,26.0
1314,188,11100,310,5.0,9.0,147.0,16.0
1315,192,9000,110,7.0,8.0,198.0,25.0
1316,144,14800,300,5.0,7.0,120.0,17.0
1317,175,7900,210,4.0,8.0,171.0,21.0
1318,179,8000,140,5.0,8.0,192.0,24.0
1319,28,14300,190,1.0,5.0,57.0,11.0
1320,222,10100,360,7.0,8.0,180.0,22.0
1321,152,2100,120,6.0,7.0,195.0,28.0
1322,159,4100,80,6.0,6.0,207.0,34.0
1323,220,10300,290,7.0,9.0,177.0,20.0
1324,187,4500,70,7.0,7.0,216.0,31.0
1325,196,12400,260,5.0,8.0,165.0,21.0
1326,151,1100,360,4.0,8.0,186.0,23.0
1327,204,11700,140,6.0,9.0,177.0,20.0
1328,233,7100,230,6.0,10.0,213.0,21.0
1329,101,10400,220,4.0,5.0,129.0,26.0
1330,69,5200,180,4.0,4.0,129.0,32.0
1331,115,11700,280,5.0,6.0,117.0,20.0
1332,165,12300,330,5.0,6.0,147.0,24.0
1333,187,8700,310,6.0,8.0,159.0,20.0
1334,206,11900,340,6.0,7.0,168.0,24.0
1335,104,1100,150,3.0,6.0,192.0,32.0
1336,63,11800,110,4.0,5.0,102.0,20.0
1337,74,13900,130,4.0,6.0,99.0,16.0
1338,147,10200,340,4.0,6.0,135.0,22.0
1339,35,10500,140,1.0,4.0,78.0,20.0
1340,48,10300,70,1.0,5.0,99.0,20.0
1341,205,14900,120,6.0,9.0,168.0,19.0
1342,208,3400,310,7.0,9.0,195.0,22.0
1343,133,9400,300,3.0,6.0,141.0,24.0
1344,63,8900,290,3.0,4.0,90.0,22.0
1345,173,11800,360,5.0,8.0,144.0,18.0
1346,126,13700,260,4.0,8.0,126.0,16.0
1347,180,9900,320,4.0,9.0,153.0,17.0
1348,189,14600,60,5.0,9.0,174.0,19.0
1349,120,3200,220,5.0,6.0,171.0,28.0
1350,214,2000,290,5.0,9.0,213.0,24.0
1351,158,10100,110,6.0,6.0,162.0,27.0
1352,203,9700,130,7.0,8.0,180.0,22.0
1353,65,4700,190,3.0,4.0,126.0,32.0
1354,102,3200,230,3.0,5.0,141.0,28.0
1355,53,8000,60,1.0,5.0,117.0,23.0
1356,112,4500,370,5.0,7.0,138.0,20.0
1357,235,600,110,6.0,9.0,246.0,27.0
1358,106,6200,310,5.0,6.0,126.0,21.0
1359,181,2500,270,6.0,9.0,201.0,22.0
1360,198,5300,320,7.0,7.0,183.0,26.0
1361,43,7100,240,1.0,3.0,81.0,27.0
1362,141,7800,80,5.0,7.0,177.0,25.0
1363,100,14400,170,3.0,7.0,120.0,17.0
1364,110,3600,290,3.0,5.0,150.0,30.0
1365,97,6500,320,4.0,5.0,123.0,25.0
1366,158,5600,290,6.0,7.0,171.0,24.0
1367,95,7700,170,2.0,5.0,123.0,25.0
1368,143,4200,100,5.0,6.0,180.0,30.0
1369,221,3300,270,8.0,8.0,204.0,26.0
1370,142,12600,80,4.0,8.0,156.0,20.0
1371,44,4400,260,1.0,3.0,96.0,32.0
1372,245,8800,140,7.0,9.0,213.0,24.0
1373,108,6500,120,3.0,6.0,153.0,26.0
1374,28,13500,200,1.0,3.0,54.0,18.0
1375,68,11800,370,2.0,6.0,78.0,13.0
1376,189,500,340,7.0,9.0,210.0,23.0
1377,122,11800,90,3.0,8.0,144.0,18.0
1378,162,5000,340,6.0,6.0,168.0,28.0
1379,106,14200,330,4.0,5.0,99.0,20.0
1380,155,15000,190,4.0,7.0,144.0,21.0
1381,163,14400,230,5.0,6.0,144.0,24.0
1382,38,11900,160,1.0,5.0,75.0,15.0
1383,68,4500,50,3.0,6.0,144.0,24.0
1384,171,1200,360,4.0,7.0,183.0,26.0
1385,100,7500,270,2.0,5.0,120.0,24.0
1386,210,9300,60,7.0,8.0,204.0,26.0
1387,239,3600,90,8.0,9.0,240.0,27.0
1388,142,4400,240,4.0,8.0,174.0,22.0
1389,29,8900,140,1.0,3.0,78.0,26.0
1390,215,4600,170,7.0,9.0,222.0,25.0
1391,203,3800,330,7.0,8.0,198.0,25.0
1392,92,7000,170,2.0,7.0,129.0,18.0
1393,172,9000,310,6.0,7.0,147.0,21.0
1394,179,2000,90,5.0,7.0,213.0,30.0
1395,64,4700,330,2.0,6.0,105.0,18.0
1396,41,9300,210,1.0,4.0,81.0,20.0
1397,227,8500,90,7.0,8.0,225.0,28.0
1398,218,14600,70,7.0,8.0,177.0,22.0
1399,39,4100,390,1.0,5.0,78.0,16.0
1400,74,6600,240,3.0,6.0,120.0,20.0
1401,193,11000,210,7.0,9.0,168.0,19.0
1402,206,600,190,7.0,9.0,219.0,24.0
1403,66,9800,140,2.0,4.0,108.0,27.0
1404,130,8700,110,4.0,8.0,168.0,21.0
1405,176,13800,250,6.0,8.0,150.0,19.0
1406,180,9500,200,5.0,7.0,177.0,25.0
1407,161,12100,300,6.0,8.0,144.0,18.0
1408,202,300,320,6.0,9.0,231.0,26.0
1409,236,4100,190,8.0,9.0,210.0,23.0
1410,167,14100,290,5.0,6.0,141.0,24.0
1411,199,13500,140,7.0,9.0,180.0,20.0
1412,88,12900,350,2.0,6.0,96.0,16.0
1413,173,11800,100,4.0,8.0,180.0,22.0
1414,208,9000,400,6.0,9.0,162.0,18.0
1415,160,3100,70,4.0,7.0,210.0,30.0
1416,227,2400,300,7.0,8.0,204.0,26.0
1417,174,11900,110,5.0,9.0,165.0,18.0
1418,95,14900,200,3.0,6.0,108.0,18.0
1419,207,14800,150,6.0,8.0,168.0,21.0
1420,130,12400,280,5.0,6.0,132.0,22.0
1421,190,5900,200,5.0,7.0,183.0,26.0
1422,158,12500,170,5.0,7.0,159.0,23.0
1423,109,1500,140,4.0,5.0,180.0,36.0
1424,244,600,60,7.0,8.0,258.0,32.0
1425,57,700,370,1.0,4.0,117.0,29.0
1426,145,6500,300,4.0,6.0,159.0,26.0
1427,136,7400,160,5.0,7.0,156.0,22.0
1428,88,2900,60,3.0,7.0,168.0,24.0
1429,154,1400,60,5.0,6.0,216.0,36.0
1430,128,13700,200,3.0,7.0,129.0,18.0
1431,113,10000,100,5.0,5.0,147.0,29.0
1432,228,13500,190,6.0,8.0,195.0,24.0
1433,122,9300,390,3.0,8.0,123.0,15.0
1434,184,9700,70,6.0,9.0,177.0,20.0
1435,174,13600,160,5.0,8.0,156.0,20.0
1436,100,7100,260,2.0,6.0,126.0,21.0
1437,109,12600,380,4.0,7.0,102.0,15.0
1438,163,5600,370,4.0,7.0,153.0,22.0
1439,230,12700,370,8.0,10.0,162.0,16.0
1440,51,600,230,1.0,6.0,135.0,22.0
1441,52,8100,80,1.0,6.0,108.0,18.0
1442,165,1100,70,5.0,7.0,225.0,32.0
1443,44,7900,140,1.0,5.0,93.0,19.0
1444,127,3100,110,3.0,8.0,180.0,22.0
1445,230,9900,300,6.0,10.0,189.0,19.0
1446,54,13000,300,1.0,6.0,69.0,12.0
1447,248,2400,140,7.0,9.0,234.0,26.0
1448,203,9300,350,6.0,8.0,165.0,21.0
1449,49,11800,140,1.0,4.0,90.0,22.0
1450,124,11100,80,5.0,7.0,159.0,23.0
1451,29,8000,70,1.0,5.0,87.0,17.0
1452,215,1100,110,7.0,8.0,243.0,30.0
1453,91,12700,260,2.0,5.0,105.0,21.0
1454,229,2800,380,8.0,8.0,192.0,24.0
1455,161,11600,170,5.0,7.0,162.0,23.0
1456,183,1600,170,5.0,8.0,216.0,27.0
1457,108,9400,330,3.0,7.0,111.0,16.0
1458,46,600,190,1.0,5.0,135.0,27.0
1459,202,14700,390,5.0,8.0,144.0,18.0
1460,227,14700,360,8.0,9.0,168.0,19.0
1461,186,7900,70,7.0,7.0,198.0,28.0
1462,62,14600,280,2.0,5.0,72.0,14.0
1463,211,12100,230,7.0,7.0,159.0,23.0
1464,114,13700,280,3.0,5.0,108.0,22.0
1465,245,4200,130,7.0,8.0,219.0,27.0
1466,76,1100,370,4.0,5.0,126.0,25.0
1467,89,12500,210,3.0,6.0,108.0,18.0
1468,119,13600,330,5.0,6.0,108.0,18.0
1469,57,14200,340,1.0,4.0,66.0,16.0
1470,88,10700,170,2.0,5.0,114.0,23.0
1471,78,15000,120,2.0,5.0,105.0,21.0
1472,73,13200,390,3.0,5.0,72.0,14.0
1473,127,4200,280,5.0,7.0,162.0,23.0
1474,95,9800,240,2.0,6.0,117.0,20.0
1475,244,6400,210,6.0,8.0,210.0,26.0
1476,29,12000,90,1.0,3.0,69.0,23.0
1477,134,13200,190,5.0,6.0,141.0,24.0
1478,176,11600,60,4.0,9.0,174.0,19.0
1479,172,3900,260,4.0,8.0,180.0,22.0
1480,158,2900,290,5.0,8.0,192.0,24.0
1481,237,10300,200,6.0,9.0,186.0,21.0
1482,132,3800,120,3.0,7.0,171.0,24.0
1483,205,15000,190,7.0,7.0,171.0,24.0
1484,202,9800,360,6.0,9.0,159.0,18.0
1485,50,14000,130,1.0,4.0,84.0,21.0
1486,57,6100,230,1.0,4.0,105.0,26.0
1487,53,6300,100,1.0,4.0,108.0,27.0
1488,139,12900,220,5.0,6.0,138.0,23.0
1489,36,13400,350,1.0,3.0,45.0,15.0
1490,79,5600,60,4.0,5.0,144.0,29.0
1491,158,9500,350,6.0,6.0,144.0,24.0
1492,226,2700,80,8.0,9.0,246.0,27.0
1493,148,12700,310,6.0,8.0,132.0,16.0
1494,178,12600,110,4.0,7.0,162.0,23.0
1495,186,1400,300,5.0,9.0,198.0,22.0
1496,99,2000,300,2.0,7.0,153.0,22.0
1497,167,12600,130,6.0,6.0,174.0,29.0
1498,102,7700,160,3.0,5.0,150.0,30.0
1499,45,1900,150,1.0,5.0,126.0,25.0
